"Rank,""Domain"",""Keywords in SERPs"",""Estimated organic traffic"""
"1,""youtube.com"",""394660633"",""12440886023.344383"""
"2,""facebook.com"",""308598723"",""7554382670.717608"""
"3,""wikipedia.org"",""252339137"",""29665841587.403244"""
"4,""instagram.com"",""200435287"",""8630533355.172766"""
"5,""reddit.com"",""199049683"",""3409909105.400687"""
"6,""tiktok.com"",""173779287"",""1175569820.409287"""
"7,""pinterest.com"",""144944761"",""3224855214.696868"""
"8,""quora.com"",""109770494"",""1117584407.395492"""
"9,""twitter.com"",""104422005"",""2031909771.6452093"""
"10,""amazon.com"",""103542845"",""2159700853.880877"""
"11,""linkedin.com"",""96881555"",""1032956023.0596445"""
"12,""google.com"",""87071240"",""7429056875.300635"""
"13,""apple.com"",""66908280"",""2462243280.6911907"""
"14,""ebay.com"",""64243362"",""305724196.0699312"""
"15,""fandom.com"",""64040294"",""1970118217.6189861"""
"16,""etsy.com"",""59708562"",""351964495.28853595"""
"17,""wordpress.com"",""56551804"",""168800984.37684852"""
"18,""yahoo.com"",""50243747"",""911939962.888797"""
"19,""yelp.com"",""48220492"",""1072775402.419925"""
"20,""imdb.com"",""41719091"",""3994144379.81073"""
"21,""walmart.com"",""40051976"",""445221314.80920225"""
"22,""indeed.com"",""38914989"",""478795972.04728717"""
"23,""medium.com"",""38463476"",""193413410.10272408"""
"24,""nih.gov"",""38299489"",""979692117.3590491"""
"25,""britannica.com"",""34515421"",""1874912900.1475623"""
"26,""tripadvisor.com"",""34015057"",""1079263025.2693894"""
"27,""nytimes.com"",""33806756"",""443476358.7365291"""
"28,""spotify.com"",""33759332"",""544074124.1891279"""
"29,""shutterstock.com"",""33282172"",""424377405.3384128"""
"30,""mapquest.com"",""31546107"",""201707384.1140787"""
"31,""aliexpress.com"",""31083181"",""74260510.31031868"""
"32,""researchgate.net"",""31070858"",""83346116.47744937"""
"33,""scribd.com"",""27957464"",""181397813.9388749"""
"34,""cambridge.org"",""26743237"",""3387807721.2185025"""
"35,""sciencedirect.com"",""25921445"",""313377659.98423034"""
"36,""microsoft.com"",""25174222"",""702167337.7479761"""
"37,""wiktionary.org"",""24713788"",""793405378.94314"""
"38,""theguardian.com"",""24417832"",""247094148.164911"""
"39,""bbc.com"",""24361080"",""510336258.5365671"""
"40,""alamy.com"",""24007276"",""72192311.35849819"""
"41,""forbes.com"",""23913025"",""346959392.78514606"""
"42,""stackexchange.com"",""23390218"",""106454181.89047544"""
"43,""x.com"",""23119667"",""237738176.89907718"""
"44,""foursquare.com"",""21970822"",""65783089.28773133"""
"45,""dailymotion.com"",""21206590"",""157675669.79146594"""
"46,""reverso.net"",""20960656"",""403267765.36695844"""
"47,""merriam-webster.com"",""20540183"",""3768766479.272505"""
"48,""collinsdictionary.com"",""20256009"",""994547445.0610156"""
"49,""indiatimes.com"",""19804281"",""608168079.5799516"""
"50,""istockphoto.com"",""19513576"",""543349374.6121728"""
"51,""adobe.com"",""19312370"",""589255265.7178661"""
"52,""booking.com"",""19183626"",""556978772.8646524"""
"53,""flickr.com"",""19177995"",""42669505.259710535"""
"54,""wikihow.com"",""19161433"",""207593764.82598662"""
"55,""businessinsider.com"",""19120133"",""125611411.66498408"""
"56,""usatoday.com"",""18928788"",""271783081.3139838"""
"57,""healthline.com"",""18547299"",""623693051.1039824"""
"58,""webmd.com"",""18392723"",""639803398.389128"""
"59,""soundcloud.com"",""17782061"",""101433527.40098086"""
"60,""study.com"",""17645541"",""366921692.268648"""
"61,""target.com"",""17522689"",""218885570.56564027"""
"62,""amazon.co.uk"",""16991125"",""271882103.4337337"""
"63,""cnn.com"",""16990298"",""221163013.93424666"""
"64,""mayoclinic.org"",""16915676"",""840370258.6925055"""
"65,""github.com"",""16573730"",""249976227.62495127"""
"66,""trip.com"",""16471612"",""85060352.90072006"""
"67,""bbc.co.uk"",""16194502"",""502133280.63895875"""
"68,""clevelandclinic.org"",""15841246"",""967408318.1769617"""
"69,""alibaba.com"",""15692677"",""29196054.871289924"""
"70,""yellowpages.com"",""15182301"",""24926461.748384222"""
"71,""screenrant.com"",""15152064"",""125684640.48950954"""
"72,""dictionary.com"",""15072915"",""1077275262.9140418"""
"73,""medicalnewstoday.com"",""15013533"",""385145039.01236963"""
"74,""wordreference.com"",""14748973"",""259327472.99867362"""
"75,""gettyimages.com"",""14247393"",""157182640.01207066"""
"76,""yahoo.co.jp"",""13812778"",""810065763.3458315"""
"77,""freepik.com"",""13755345"",""356400434.6335533"""
"78,""bab.la"",""13700166"",""135965701.0601875"""
"79,""tumblr.com"",""13673607"",""72349545.93144256"""
"80,""amazon.de"",""13524739"",""338935701.83951205"""
"81,""ign.com"",""13040621"",""117548088.01492713"""
"82,""flipkart.com"",""13036462"",""423413951.5971089"""
"83,""deviantart.com"",""13008953"",""43903783.766625375"""
"84,""rottentomatoes.com"",""12948610"",""638614726.1065933"""
"85,""msn.com"",""12918609"",""86809586.0626058"""
"86,""genius.com"",""12892261"",""480944175.8258417"""
"87,""byjus.com"",""12724666"",""1110277881.500939"""
"88,""slideshare.net"",""12699611"",""60540394.36661027"""
"89,""threads.net"",""12662299"",""47053577.73366282"""
"90,""dreamstime.com"",""12382708"",""45381499.25457947"""
"91,""springer.com"",""12371072"",""38001602.6624434"""
"92,""amazon.in"",""12329264"",""755665797.3191242"""
"93,""ebay.co.uk"",""12202710"",""47730456.39342137"""
"94,""nextdoor.com"",""12127551"",""30679945.567386054"""
"95,""vocabulary.com"",""12106990"",""712390466.2598184"""
"96,""netflix.com"",""12005147"",""594639076.1430751"""
"97,""cbsnews.com"",""11941653"",""125003197.44138679"""
"98,""goodreads.com"",""11916770"",""127743836.3735038"""
"99,""redbubble.com"",""11763521"",""31549532.61553181"""
"100,""wikimedia.org"",""11749693"",""36734809.974335335"""
"101,""moovitapp.com"",""11714917"",""127308947.72386077"""
"102,""usnews.com"",""11666133"",""143200952.9727213"""
"103,""cnet.com"",""11561892"",""88992950.15749496"""
"104,""geeksforgeeks.org"",""11249311"",""292908291.04119503"""
"105,""justdial.com"",""11054406"",""415167922.82440585"""
"106,""homedepot.com"",""11011882"",""281531096.1091695"""
"107,""thefreedictionary.com"",""11002202"",""89645700.28159788"""
"108,""issuu.com"",""10954777"",""17160848.630291626"""
"109,""washingtonpost.com"",""10669571"",""59035541.708214924"""
"110,""hotels.com"",""10659295"",""215794321.08439958"""
"111,""steamcommunity.com"",""10599611"",""54235833.77593428"""
"112,""hindustantimes.com"",""10583987"",""372935108.6208442"""
"113,""sportskeeda.com"",""10507374"",""83587878.61961621"""
"114,""harvard.edu"",""10405753"",""98913478.5130999"""
"115,""europa.eu"",""10388602"",""159037827.63199252"""
"116,""rome2rio.com"",""10360382"",""70113803.81898768"""
"117,""waze.com"",""10288360"",""201002048.9609334"""
"118,""medlineplus.gov"",""10251595"",""447245245.36074245"""
"119,""com.be"",""10201703"",""25988886.21807694"""
"120,""gamespot.com"",""10192641"",""51838879.337139286"""
"121,""justanswer.com"",""10162067"",""27400561.185863677"""
"122,""wikiwand.com"",""10123429"",""25344555.548600167"""
"123,""stackoverflow.com"",""10096025"",""84040356.73642495"""
"124,""oup.com"",""10045482"",""34080933.095481254"""
"125,""dailymail.co.uk"",""10000296"",""76919599.5011036"""
"126,""www.nhs.uk"",""9997731"",""295946837.7037373"""
"127,""weebly.com"",""9990459"",""41119112.70563066"""
"128,""yourdictionary.com"",""9970649"",""106749791.26572728"""
"129,""tvtropes.org"",""9903438"",""43444656.535589494"""
"130,""independent.co.uk"",""9869924"",""78968788.47748636"""
"131,""kwai.com"",""9868550"",""26753454.68811451"""
"132,""ca.gov"",""9813331"",""130146739.21509874"""
"133,""nature.com"",""9806136"",""69074322.79504406"""
"134,""npr.org"",""9772722"",""78173939.8527929"""
"135,""wiley.com"",""9766106"",""36143708.18125174"""
"136,""zoominfo.com"",""9745022"",""19940764.451879784"""
"137,""archive.org"",""9732251"",""41609828.80851103"""
"138,""restaurantguru.com"",""9460932"",""23796999.990214787"""
"139,""indiamart.com"",""9289890"",""129391547.0981631"""
"140,""gamerant.com"",""9269812"",""73349446.67709793"""
"141,""pixabay.com"",""9254528"",""197571724.8220951"""
"142,""jstor.org"",""9209510"",""25033811.809557453"""
"143,""glassdoor.com"",""9199257"",""42225941.058612086"""
"144,""agoda.com"",""9198380"",""112958680.74637426"""
"145,""amazon.fr"",""9124188"",""168368785.41894498"""
"146,""people.com"",""8925477"",""219077505.45403096"""
"147,""yandex.ru"",""8887929"",""31212800.213992998"""
"148,""ubereats.com"",""8803741"",""106287550.9716441"""
"149,""cosmopolitan.com"",""8783536"",""92057507.62952186"""
"150,""verywellhealth.com"",""8771056"",""104417499.04689474"""
"151,""rakuten.co.jp"",""8748874"",""545851304.9723312"""
"152,""reuters.com"",""8677281"",""77960236.1200214"""
"153,""espn.com"",""8651239"",""1224331017.761827"""
"154,""namu.wiki"",""8642001"",""303879214.03763807"""
"155,""economictimes.com"",""8565150"",""138879078.90182722"""
"156,""investopedia.com"",""8553505"",""329129339.43925565"""
"157,""today.com"",""8552489"",""104375382.16760929"""
"158,""academia.edu"",""8510469"",""15145555.086818738"""
"159,""latimes.com"",""8439361"",""48538002.98043534"""
"160,""company-information.service.gov.uk"",""8421394"",""67897812.53638174"""
"161,""variety.com"",""8382547"",""86683292.61920202"""
"162,""wordhippo.com"",""8370747"",""183644798.9905"""
"163,""goodhousekeeping.com"",""8238010"",""88376924.0443193"""
"164,""oxfordlearnersdictionaries.com"",""8221326"",""184923222.13778067"""
"165,""cbr.com"",""8211348"",""50642098.03504752"""
"166,""wattpad.com"",""8200183"",""60346325.665301286"""
"167,""canva.com"",""8107736"",""275734804.58765745"""
"168,""amazon.ca"",""8084339"",""147815937.27326345"""
"169,""studocu.com"",""8071953"",""30205813.73371424"""
"170,""themoviedb.org"",""8014062"",""98104926.34378152"""
"171,""ziprecruiter.com"",""7991783"",""54982596.8198452"""
"172,""tvguide.com"",""7958341"",""158999834.07894838"""
"173,""ameblo.jp"",""7948481"",""107130679.83663748"""
"174,""vecteezy.com"",""7914755"",""61187658.90908952"""
"175,""infobae.com"",""7871808"",""117033046.00765374"""
"176,""expedia.com"",""7855911"",""131887461.37725659"""
"177,""last.fm"",""7823692"",""47465415.584098585"""
"178,""bbb.org"",""7817327"",""50466792.46252297"""
"179,""thesaurus.com"",""7800708"",""633559097.3833174"""
"180,""buzzfeed.com"",""7792098"",""47653343.404297404"""
"181,""ikea.com"",""7725125"",""181525153.44476876"""
"182,""dnb.com"",""7721068"",""21719039.662771203"""
"183,""msdmanuals.com"",""7649233"",""168317981.97391048"""
"184,""primevideo.com"",""7598918"",""209189810.71745613"""
"185,""craigslist.org"",""7563629"",""90136236.47205181"""
"186,""amazon.co.jp"",""7556649"",""393392228.6839446"""
"187,""globo.com"",""7496989"",""597019144.4486092"""
"188,""testbook.com"",""7449304"",""176731187.71197295"""
"189,""lefigaro.fr"",""7446008"",""76342492.43962246"""
"190,""hollywoodreporter.com"",""7440400"",""60277296.99242642"""
"191,""zillow.com"",""7421592"",""128593183.74467142"""
"192,""boomplay.com"",""7394341"",""40260207.366942674"""
"193,""nypost.com"",""7349334"",""53967332.06533508"""
"194,""steampowered.com"",""7267442"",""235776225.29382622"""
"195,""temu.com"",""7266817"",""24495895.673336923"""
"196,""lemon8-app.com"",""7242016"",""23160931.79286657"""
"197,""naver.com"",""7234898"",""175836066.23617628"""
"198,""trustpilot.com"",""7228315"",""147905107.66519666"""
"199,""nbcnews.com"",""7218230"",""77747352.31520455"""
"200,""discogs.com"",""7205901"",""34905675.09755322"""
"201,""shabdkosh.com"",""7193083"",""562290809.4791253"""
"202,""uol.com.br"",""7175343"",""423093991.2062353"""
"203,""as.com"",""7166305"",""133311309.61583646"""
"204,""time.com"",""7165345"",""52800652.23239937"""
"205,""collider.com"",""7133834"",""46400174.17139378"""
"206,""go.com"",""7126035"",""94232729.01727346"""
"207,""poshmark.com"",""7061833"",""15727082.46347205"""
"208,""cdc.gov"",""7059256"",""161032574.95179325"""
"209,""ebay.de"",""7040280"",""41913718.04366214"""
"210,""oed.com"",""6984874"",""138783031.08609694"""
"211,""softonic.com"",""6944839"",""139689818.0014723"""
"212,""toppr.com"",""6932841"",""160529931.72722694"""
"213,""quizlet.com"",""6931805"",""32520334.49515263"""
"214,""lowes.com"",""6880987"",""99783493.16685978"""
"215,""tenor.com"",""6828153"",""95188054.34121534"""
"216,""elpais.com"",""6787586"",""96835266.97758448"""
"217,""apnews.com"",""6759566"",""96698650.0146457"""
"218,""bestbuy.com"",""6744937"",""103188676.28715642"""
"219,""depositphotos.com"",""6715370"",""20589377.324254442"""
"220,""www.gov.uk"",""6661884"",""140632519.6425894"""
"221,""ouest-france.fr"",""6635765"",""108441379.6192094"""
"222,""indianexpress.com"",""6630130"",""160895911.7092595"""
"223,""bloomberg.com"",""6612507"",""94718383.43583299"""
"224,""wikidata.org"",""6606204"",""28611161.58811368"""
"225,""deezer.com"",""6595460"",""23408786.25602492"""
"226,""justwatch.com"",""6595392"",""60864188.34513601"""
"227,""pbs.org"",""6528382"",""60378629.97405535"""
"228,""tripadvisor.co.uk"",""6506913"",""199046889.61456883"""
"229,""allrecipes.com"",""6475020"",""211943441.58202416"""
"230,""samsung.com"",""6459707"",""166555088.1021716"""
"231,""costco.com"",""6440640"",""102416032.9736022"""
"232,""glosbe.com"",""6414341"",""65105635.33367577"""
"233,""si.com"",""6407782"",""67687768.63633527"""
"234,""mercari.com"",""6399808"",""52633958.02994136"""
"235,""thegamer.com"",""6376391"",""30888058.19811374"""
"236,""shein.com"",""6342729"",""40600054.8775642"""
"237,""pcmag.com"",""6294128"",""52438716.04973201"""
"238,""elle.com"",""6288487"",""76644977.83544484"""
"239,""hopkinsmedicine.org"",""6288175"",""159475599.25671202"""
"240,""theconversation.com"",""6284805"",""35883983.31231098"""
"241,""ew.com"",""6263625"",""61895967.08039211"""
"242,""canada.ca"",""6247882"",""98590181.95612854"""
"243,""kleinanzeigen.de"",""6245682"",""41776822.20158164"""
"244,""brainly.in"",""6217591"",""92153051.56549193"""
"245,""timeout.com"",""6202038"",""57249808.53624053"""
"246,""tandfonline.com"",""6196362"",""15048538.100323914"""
"247,""doordash.com"",""6187552"",""157057699.14670497"""
"248,""rollingstone.com"",""6184849"",""53413805.767574064"""
"249,""ldoceonline.com"",""6181696"",""43244139.741793916"""
"250,""realtor.com"",""6179522"",""58399458.6632337"""
"251,""news18.com"",""6173296"",""143147579.7252276"""
"252,""musixmatch.com"",""6148251"",""28327643.537502863"""
"253,""telegraph.co.uk"",""6137036"",""28137636.04285869"""
"254,""lavanguardia.com"",""6134368"",""84065228.13264823"""
"255,""tokopedia.com"",""6082037"",""273578166.67070806"""
"256,""shazam.com"",""6080373"",""20436960.359843735"""
"257,""accuweather.com"",""6068349"",""1065655915.9143119"""
"258,""letras.com"",""6063980"",""85752966.4069013"""
"259,""vedantu.com"",""6053617"",""162576295.29314315"""
"260,""crunchbase.com"",""6051325"",""41277764.435414284"""
"261,""allevents.in"",""6047607"",""10049838.28759829"""
"262,""unsplash.com"",""6043249"",""379325815.1097606"""
"263,""cnbc.com"",""6007958"",""146489884.35383356"""
"264,""medscape.com"",""6002015"",""85188282.74679458"""
"265,""techradar.com"",""5985873"",""46165012.338573"""
"266,""newsweek.com"",""5980257"",""46799248.165259466"""
"267,""ny.gov"",""5924343"",""64950313.13417122"""
"268,""line.me"",""5914476"",""63075995.524954006"""
"269,""medicinenet.com"",""5893845"",""45169710.76794667"""
"270,""wired.com"",""5851676"",""41125211.58820298"""
"271,""rocketreach.co"",""5851641"",""10428780.460330218"""
"272,""mercadolivre.com.br"",""5828203"",""259377720.61466652"""
"273,""bandcamp.com"",""5824445"",""29708792.513700522"""
"274,""detik.com"",""5816222"",""501555134.668273"""
"275,""mdpi.com"",""5778803"",""13241255.012344357"""
"276,""usda.gov"",""5759158"",""79826017.36045109"""
"277,""answers.com"",""5746870"",""27240131.88436348"""
"278,""thehindu.com"",""5732356"",""187396474.96953863"""
"279,""prom.ua"",""5715944"",""30711213.03169744"""
"280,""made-in-china.com"",""5714751"",""7213187.291889874"""
"281,""who.int"",""5693329"",""107055847.4628536"""
"282,""libretexts.org"",""5672049"",""115731786.8390749"""
"283,""metacritic.com"",""5664164"",""31479320.287561327"""
"284,""tistory.com"",""5663132"",""38725597.70130755"""
"285,""brainly.com"",""5658846"",""40204645.32297668"""
"286,""barnesandnoble.com"",""5590024"",""32697274.216251306"""
"287,""cookpad.com"",""5585349"",""328590630.8819016"""
"288,""ndtv.com"",""5567544"",""404186093.1066802"""
"289,""frontiersin.org"",""5559445"",""16760725.691675108"""
"290,""cornell.edu"",""5556670"",""63971842.37765197"""
"291,""urbandictionary.com"",""5529691"",""72630185.99297427"""
"292,""pngwing.com"",""5520578"",""32482417.873621628"""
"293,""biomedcentral.com"",""5517091"",""19658972.582691465"""
"294,""chegg.com"",""5516762"",""15297198.896885931"""
"295,""gutefrage.net"",""5511723"",""25217866.810398005"""
"296,""commonsensemedia.org"",""5494849"",""51631035.91998792"""
"297,""marca.com"",""5484791"",""146508820.40320146"""
"298,""apkpure.com"",""5458843"",""49014725.24765854"""
"299,""parade.com"",""5418561"",""84963191.68190707"""
"300,""khanacademy.org"",""5405461"",""142500481.85336858"""
"301,""makemytrip.com"",""5400519"",""299061192.34576416"""
"302,""uptodown.com"",""5397539"",""131073431.3361389"""
"303,""pagesjaunes.fr"",""5395090"",""69608274.80121765"""
"304,""indiatoday.in"",""5384626"",""126554818.22076508"""
"305,""un.org"",""5374258"",""83859888.6945288"""
"306,""pngtree.com"",""5374233"",""52376651.97003692"""
"307,""amazon.es"",""5354516"",""104454339.26978612"""
"308,""groupon.com"",""5346121"",""50992631.84674379"""
"309,""manta.com"",""5344867"",""4872994.265947333"""
"310,""ranker.com"",""5340435"",""38181211.50618966"""
"311,""olx.ua"",""5333316"",""63611085.72828189"""
"312,""aminoapps.com"",""5327326"",""16565860.660277287"""
"313,""billboard.com"",""5320092"",""50674730.588958316"""
"314,""rateyourmusic.com"",""5316013"",""18942110.366213467"""
"315,""mirror.co.uk"",""5304759"",""35917616.92880354"""
"316,""texas.gov"",""5275271"",""50270211.77796393"""
"317,""kidshealth.org"",""5266229"",""80305759.45246601"""
"318,""pons.com"",""5260494"",""157016572.12712118"""
"319,""amazon.com.br"",""5258748"",""132898693.09138203"""
"320,""statista.com"",""5242371"",""68628355.45233977"""
"321,""india.com"",""5229770"",""153603332.79258972"""
"322,""hinative.com"",""5187510"",""24588897.38140142"""
"323,""tomsguide.com"",""5185572"",""56460473.85361118"""
"324,""stanford.edu"",""5164829"",""57342301.369977064"""
"325,""kayak.com"",""5163544"",""60380137.182203144"""
"326,""ebay.ca"",""5143091"",""14838584.437815115"""
"327,""goo.ne.jp"",""5141440"",""175936976.14913878"""
"328,""hm.com"",""5085197"",""82572124.23159431"""
"329,""cbc.ca"",""5081548"",""37107404.0473032"""
"330,""mundodeportivo.com"",""5080416"",""72046456.10145453"""
"331,""kompas.com"",""5077215"",""209747932.8675448"""
"332,""deadline.com"",""5055369"",""44047231.47835718"""
"333,""rozetka.com.ua"",""5039221"",""62351289.58318449"""
"334,""thoughtco.com"",""5027228"",""69226280.07440662"""
"335,""umich.edu"",""5013806"",""37346839.24425447"""
"336,""express.co.uk"",""5007212"",""23246127.51641898"""
"337,""shopee.co.id"",""5004329"",""263855915.96524"""
"338,""marriott.com"",""4989037"",""98249274.14631677"""
"339,""thesun.co.uk"",""4972200"",""35185458.43735186"""
"340,""jiosaavn.com"",""4956051"",""96271064.12128484"""
"341,""mit.edu"",""4954423"",""42869535.757222414"""
"342,""gamesradar.com"",""4947001"",""29491421.114584185"""
"343,""theverge.com"",""4936287"",""28234486.122908562"""
"344,""mountsinai.org"",""4922935"",""83581004.3564898"""
"345,""howstuffworks.com"",""4917329"",""94669360.20290846"""
"346,""lemonde.fr"",""4913570"",""58780112.516509004"""
"347,""goal.com"",""4909709"",""172371237.30793098"""
"348,""digitaltrends.com"",""4901000"",""22494115.096195992"""
"349,""sagepub.com"",""4897533"",""11118290.849733505"""
"350,""vulture.com"",""4882123"",""35402615.73410639"""
"351,""letterboxd.com"",""4881479"",""44062130.323611155"""
"352,""bing.com"",""4877809"",""57741081.584582135"""
"353,""mercadolibre.com.mx"",""4869638"",""154565969.40958953"""
"354,""letras.mus.br"",""4863829"",""98054124.43355393"""
"355,""vk.com"",""4846983"",""20391404.298967574"""
"356,""pexels.com"",""4841240"",""205066915.2422737"""
"357,""jooble.org"",""4818750"",""17844714.58950394"""
"358,""amazon.it"",""4816128"",""147235145.46956468"""
"359,""nsw.gov.au"",""4794895"",""51324531.17975266"""
"360,""tribunnews.com"",""4777844"",""97943473.57685396"""
"361,""abplive.com"",""4775924"",""159076734.1003088"""
"362,""radiotimes.com"",""4765927"",""46003128.39117768"""
"363,""loc.gov"",""4750305"",""54435437.35784418"""
"364,""healthdirect.gov.au"",""4738972"",""60182470.67930672"""
"365,""instructables.com"",""4736835"",""21424751.64258165"""
"366,""eventbrite.com"",""4727699"",""23954592.994253896"""
"367,""amazon.com.au"",""4720217"",""40763341.74777537"""
"368,""prezi.com"",""4710901"",""11950499.628211869"""
"369,""prnewswire.com"",""4703475"",""15462810.882411255"""
"370,""ultimate-guitar.com"",""4703251"",""75801816.63693665"""
"371,""note.com"",""4700519"",""66432125.39546165"""
"372,""nasa.gov"",""4670959"",""159074172.10852543"""
"373,""weather.com"",""4669293"",""1107061261.2190995"""
"374,""patch.com"",""4656798"",""13333671.0658934"""
"375,""leboncoin.fr"",""4651227"",""50179091.42187154"""
"376,""health.com"",""4638915"",""42569913.37605311"""
"377,""mubi.com"",""4637547"",""45701884.90299466"""
"378,""wsj.com"",""4625227"",""35754258.06309926"""
"379,""behance.net"",""4590819"",""23521536.122317113"""
"380,""macys.com"",""4589007"",""50955942.14966396"""
"381,""movieweb.com"",""4584017"",""25937709.32581513"""
"382,""fnac.com"",""4582746"",""33334363.625981312"""
"383,""twitch.tv"",""4575784"",""79443218.8803187"""
"384,""semanticscholar.org"",""4571456"",""7478105.782513147"""
"385,""substack.com"",""4562682"",""16959034.745620534"""
"386,""hubpages.com"",""4558819"",""13877610.780665746"""
"387,""wa.gov"",""4542854"",""34457988.85464682"""
"388,""hinkhoj.com"",""4525533"",""270763049.00497895"""
"389,""sofascore.com"",""4525137"",""371442118.42130876"""
"390,""makeuseof.com"",""4522784"",""13158522.112833954"""
"391,""kumparan.com"",""4520291"",""182395772.05157173"""
"392,""wordnik.com"",""4514630"",""24915908.748619687"""
"393,""redfin.com"",""4509333"",""23362348.586792875"""
"394,""polygon.com"",""4498456"",""24688231.099481255"""
"395,""dw.com"",""4495580"",""28509973.413754"""
"396,""alberta.ca"",""4474422"",""38071681.940090105"""
"397,""airbnb.com"",""4473504"",""24028370.806510538"""
"398,""superpages.com"",""4469377"",""2973224.8997331057"""
"399,""foodnetwork.com"",""4463995"",""73290186.83687244"""
"400,""shopee.com.br"",""4463960"",""81633261.14217067"""
"401,""esquire.com"",""4461585"",""29914423.40511138"""
"402,""yumpu.com"",""4461274"",""4695373.418210093"""
"403,""betterhealth.vic.gov.au"",""4436499"",""60925551.14065733"""
"404,""elespanol.com"",""4430312"",""34343116.94839601"""
"405,""vectorstock.com"",""4428302"",""30225994.635147206"""
"406,""abebooks.com"",""4418308"",""8358153.643425578"""
"407,""sportingnews.com"",""4406055"",""61646192.89946397"""
"408,""abc.net.au"",""4403303"",""28295844.72357829"""
"409,""plex.tv"",""4402691"",""24766954.628046557"""
"410,""aol.com"",""4400924"",""27000012.715608537"""
"411,""cancer.gov"",""4389115"",""163324672.58906096"""
"412,""goodrx.com"",""4382615"",""56786561.80730958"""
"413,""elmundo.es"",""4379173"",""104630540.14085668"""
"414,""magazineluiza.com.br"",""4374504"",""104540633.14295569"""
"415,""standard.co.uk"",""4372244"",""28767031.62663536"""
"416,""liputan6.com"",""4368700"",""145698942.64493367"""
"417,""123rf.com"",""4359821"",""11065875.800173668"""
"418,""giphy.com"",""4320343"",""63476623.054125644"""
"419,""archiveofourown.org"",""4296681"",""26638491.150073245"""
"420,""livemint.com"",""4295453"",""145220420.6138052"""
"421,""opentable.com"",""4292015"",""93288173.25696968"""
"422,""jagran.com"",""4280970"",""111568383.60149604"""
"423,""business-standard.com"",""4254459"",""120878309.74919061"""
"424,""vogue.com"",""4238709"",""32631722.318575133"""
"425,""theknot.com"",""4234087"",""38490215.55225092"""
"426,""playstation.com"",""4224242"",""99572673.27261497"""
"427,""dzen.ru"",""4222101"",""6582925.2111159805"""
"428,""pngegg.com"",""4220756"",""12757089.21017094"""
"429,""linguee.com"",""4218839"",""38360220.46595682"""
"430,""kroger.com"",""4191503"",""36844511.899829276"""
"431,""ft.com"",""4176598"",""27559860.11827513"""
"432,""asos.com"",""4173109"",""25594332.050707698"""
"433,""bbcgoodfood.com"",""4170536"",""92282353.9513505"""
"434,""nps.gov"",""4160790"",""86428561.96008815"""
"435,""menshealth.com"",""4148036"",""31492788.053569686"""
"436,""huffpost.com"",""4144019"",""20861703.063141577"""
"437,""grubhub.com"",""4143800"",""85195071.07145357"""
"438,""timeanddate.com"",""4131797"",""795559112.9681615"""
"439,""euronews.com"",""4120998"",""32342898.877191946"""
"440,""teacherspayteachers.com"",""4119395"",""17835859.150060937"""
"441,""mashable.com"",""4111634"",""53489591.81907281"""
"442,""metro.co.uk"",""4108723"",""24555589.07217913"""
"443,""popsugar.com"",""4104450"",""17222953.94900174"""
"444,""encyclopedia.com"",""4103576"",""13456824.376267312"""
"445,""nordstrom.com"",""4099617"",""76406088.67109986"""
"446,""lawinsider.com"",""4083669"",""23658434.783069983"""
"447,""almaany.com"",""4082610"",""60786066.17690511"""
"448,""state.gov"",""4055818"",""107189993.09096295"""
"449,""uptodate.com"",""4037083"",""30576509.14902982"""
"450,""southernliving.com"",""4029632"",""62508470.49596142"""
"451,""food.com"",""4026872"",""43424217.63373064"""
"452,""rakuten.com"",""4023247"",""14401189.492533326"""
"453,""foxsports.com"",""4022951"",""145691428.64201024"""
"454,""picclick.com"",""4019690"",""1895021.0541938245"""
"455,""alltrails.com"",""4009716"",""41555038.43892083"""
"456,""filmaffinity.com"",""4007513"",""90538595.34780058"""
"457,""famousbirthdays.com"",""3996301"",""67926812.85255001"""
"458,""investing.com"",""3988530"",""218538521.74296662"""
"459,""psu.edu"",""3983401"",""24293311.540837932"""
"460,""iheart.com"",""3981287"",""26133806.21126289"""
"461,""travelocity.com"",""3974265"",""16934291.234186016"""
"462,""wanderlog.com"",""3966853"",""15253140.385030081"""
"463,""harpersbazaar.com"",""3960812"",""35755845.128480725"""
"464,""blibli.com"",""3958339"",""127315401.11840507"""
"465,""nationalgeographic.com"",""3945091"",""74744704.27662173"""
"466,""definitions.net"",""3937174"",""15436714.562351761"""
"467,""hamariweb.com"",""3935233"",""119186563.48026046"""
"468,""ebay.com.au"",""3933503"",""11798144.174395422"""
"469,""johnlewis.com"",""3930314"",""19174559.775432445"""
"470,""powerthesaurus.org"",""3909419"",""31382941.70633845"""
"471,""city-data.com"",""3895249"",""9169711.53584648"""
"472,""apartments.com"",""3885490"",""63119941.08046386"""
"473,""womenshealthmag.com"",""3876377"",""20574374.021970525"""
"474,""digitalspy.com"",""3875967"",""19873068.19099541"""
"475,""jagranjosh.com"",""3874205"",""146882734.8976925"""
"476,""mumsnet.com"",""3869866"",""10344140.708291093"""
"477,""mercadolibre.com.ar"",""3861473"",""88803687.15893175"""
"478,""bilibili.tv"",""3844581"",""44055225.65901634"""
"479,""mappy.com"",""3842398"",""61411981.268388845"""
"480,""instacart.com"",""3828404"",""38985787.05797649"""
"481,""ebay.fr"",""3819088"",""11262640.65143067"""
"482,""bleacherreport.com"",""3815659"",""59072781.50561062"""
"483,""wise.com"",""3815271"",""573783644.8933412"""
"484,""terra.com.br"",""3809136"",""106589842.87256572"""
"485,""javatpoint.com"",""3801305"",""80816823.86245534"""
"486,""ibm.com"",""3797889"",""64202427.081218325"""
"487,""traveloka.com"",""3789840"",""91106877.51017651"""
"488,""salary.com"",""3783616"",""8540527.220262941"""
"489,""drugs.com"",""3779260"",""106274625.51208498"""
"490,""justia.com"",""3777160"",""16034736.526288759"""
"491,""navitime.co.jp"",""3772578"",""115824540.87852116"""
"492,""techtarget.com"",""3767704"",""131403092.08865018"""
"493,""mapcarta.com"",""3766189"",""8323864.442098886"""
"494,""smule.com"",""3751879"",""44516357.45151972"""
"495,""nike.com"",""3750320"",""157225391.92090076"""
"496,""aljazeera.com"",""3743405"",""120825920.30367114"""
"497,""prtimes.jp"",""3741936"",""55421348.59101962"""
"498,""bmj.com"",""3732623"",""17119017.153523616"""
"499,""eater.com"",""3730348"",""56561277.73441896"""
"500,""si.edu"",""3730088"",""61051758.61445794"""
"501,""countryliving.com"",""3723762"",""37757117.01473588"""
"502,""jamanetwork.com"",""3721240"",""14380427.10977167"""
"503,""lifewire.com"",""3719144"",""28196603.651137266"""
"504,""umn.edu"",""3705463"",""27359320.104782697"""
"505,""azlyrics.com"",""3704908"",""64564086.44568532"""
"506,""aarp.org"",""3696610"",""21576927.31230452"""
"507,""rogerebert.com"",""3692632"",""45187161.795405336"""
"508,""cdiscount.com"",""3689648"",""20792300.445204377"""
"509,""foxnews.com"",""3688781"",""93505451.42885767"""
"510,""zara.com"",""3688346"",""72025367.21662885"""
"511,""healthgrades.com"",""3683978"",""20786816.193585344"""
"512,""refinery29.com"",""3683763"",""10384921.488499964"""
"513,""scmp.com"",""3679669"",""28143807.66549223"""
"514,""travelweekly.com"",""3678671"",""11525834.764824906"""
"515,""everydayhealth.com"",""3668966"",""13978783.130688598"""
"516,""moneycontrol.com"",""3657351"",""717492909.2811306"""
"517,""fda.gov"",""3655581"",""44374421.29075983"""
"518,""livescience.com"",""3653043"",""42162689.99773986"""
"519,""xbox.com"",""3647930"",""70187015.98795593"""
"520,""tureng.com"",""3647301"",""58806275.20391854"""
"521,""livejournal.com"",""3645232"",""6136732.683170205"""
"522,""20minutos.es"",""3635825"",""30365885.98608607"""
"523,""thepioneerwoman.com"",""3628306"",""50212153.478093624"""
"524,""oxfordreference.com"",""3627591"",""22852377.058244422"""
"525,""kiddle.co"",""3626575"",""10521475.303631278"""
"526,""klook.com"",""3623804"",""36788553.91691207"""
"527,""epicentrk.ua"",""3621208"",""22658612.967348654"""
"528,""tasteofhome.com"",""3608868"",""36095361.56598072"""
"529,""mynavi.jp"",""3604925"",""92447297.66512185"""
"530,""trendyol.com"",""3602956"",""138175281.410812"""
"531,""olympics.com"",""3593251"",""351919183.07411367"""
"532,""masterclass.com"",""3591611"",""48333672.3355395"""
"533,""rae.es"",""3589091"",""366284478.7807043"""
"534,""realsimple.com"",""3588763"",""22684356.76609458"""
"535,""ubuy.com"",""3583749"",""2306885.6512495037"""
"536,""wayfair.com"",""3583191"",""31632563.475293"""
"537,""lumenlearning.com"",""3580976"",""28353883.46869096"""
"538,""bol.com"",""3575855"",""31258390.020036984"""
"539,""va.gov"",""3574992"",""31521167.052336603"""
"540,""timesnownews.com"",""3570398"",""47598600.337896876"""
"541,""thekitchn.com"",""3565071"",""37913420.606347874"""
"542,""unacademy.com"",""3551079"",""179335511.95925468"""
"543,""cvs.com"",""3549454"",""77707823.17403342"""
"544,""newyorker.com"",""3547272"",""27310293.220975317"""
"545,""abc.es"",""3542247"",""38134655.80299339"""
"546,""langeek.co"",""3536921"",""16828074.036713228"""
"547,""columbia.edu"",""3526313"",""22187644.791144945"""
"548,""viator.com"",""3519928"",""17324023.231783077"""
"549,""coursehero.com"",""3519709"",""8508771.971217897"""
"550,""mercadolibre.com.co"",""3508986"",""39945595.00650276"""
"551,""tvinsider.com"",""3503247"",""39065565.866049014"""
"552,""cbssports.com"",""3498118"",""184776008.33444792"""
"553,""hubspot.com"",""3489251"",""41832576.81483765"""
"554,""psychologytoday.com"",""3483613"",""32984815.710751172"""
"555,""vimeo.com"",""3482334"",""8993426.988612061"""
"556,""comicbook.com"",""3471038"",""9647034.526796242"""
"557,""ozon.ru"",""3462648"",""2721473.015251303"""
"558,""docomo.ne.jp"",""3456011"",""75534960.33659008"""
"559,""eonline.com"",""3454628"",""32849381.950873427"""
"560,""menupix.com"",""3450858"",""5870772.384457696"""
"561,""history.com"",""3440081"",""87406232.52101889"""
"562,""skysports.com"",""3438317"",""233548879.96402913"""
"563,""legacy.com"",""3436051"",""53358964.188318"""
"564,""thespruceeats.com"",""3424576"",""43674634.52476237"""
"565,""glamour.com"",""3416291"",""20877257.77885288"""
"566,""lanacion.com.ar"",""3412099"",""64487734.22394823"""
"567,""caranddriver.com"",""3411225"",""77428506.98579438"""
"568,""spanishdict.com"",""3408937"",""94674686.73083635"""
"569,""unirioja.es"",""3407283"",""11373849.415706456"""
"570,""thespruce.com"",""3395416"",""43411330.45451321"""
"571,""pressbooks.pub"",""3394212"",""18441614.417570632"""
"572,""kohls.com"",""3387855"",""22433011.937616345"""
"573,""loopnet.com"",""3380741"",""10652567.059788482"""
"574,""trulia.com"",""3378100"",""25391940.154562697"""
"575,""tripadvisor.co"",""3363121"",""20761023.114128463"""
"576,""pinterest.de"",""3361511"",""57582907.56798312"""
"577,""yelp.ca"",""3354501"",""60309635.44104141"""
"578,""mozilla.org"",""3348575"",""74651840.08483055"""
"579,""squarespace.com"",""3347221"",""13677322.470408447"""
"580,""lyrics.com"",""3342646"",""12859937.014731953"""
"581,""ufl.edu"",""3342279"",""28989844.243428178"""
"582,""dexerto.com"",""3338757"",""14524653.391512174"""
"583,""tripadvisor.ca"",""3338626"",""132121777.22499783"""
"584,""noaa.gov"",""3335669"",""84434647.61477943"""
"585,""nymag.com"",""3326798"",""15577107.751149416"""
"586,""clarin.com"",""3313203"",""43453018.80536536"""
"587,""americanas.com.br"",""3301265"",""78584766.04243185"""
"588,""amarujala.com"",""3301212"",""108617906.15383793"""
"589,""sky.com"",""3300145"",""42830969.65668135"""
"590,""tripadvisor.fr"",""3292684"",""106218908.1903744"""
"591,""farfetch.com"",""3291861"",""31943254.682795934"""
"592,""pixnet.net"",""3280818"",""34310742.069678426"""
"593,""amazon.com.mx"",""3279349"",""80513359.43995136"""
"594,""unam.mx"",""3270491"",""47972205.22213296"""
"595,""omnicalculator.com"",""3269051"",""190621216.74767417"""
"596,""larousse.fr"",""3265747"",""169512644.66210347"""
"597,""restaurantji.com"",""3263139"",""4522158.070319364"""
"598,""superuser.com"",""3260129"",""13143345.256986076"""
"599,""ck12.org"",""3257091"",""171604164.1497522"""
"600,""fc2.com"",""3253222"",""24968543.633118603"""
"601,""zippia.com"",""3253089"",""6387542.582080854"""
"602,""wordwall.net"",""3251431"",""19731959.02317629"""
"603,""usmagazine.com"",""3242532"",""39691231.943405926"""
"604,""doubtnut.com"",""3234140"",""36486615.977331646"""
"605,""findmeglutenfree.com"",""3230667"",""10543200.96071386"""
"606,""francetvinfo.fr"",""3229792"",""47378894.42466656"""
"607,""leparisien.fr"",""3228460"",""26656740.89510735"""
"608,""bhg.com"",""3219812"",""21338372.83349373"""
"609,""ancestry.com"",""3218812"",""25058303.24617936"""
"610,""consumerreports.org"",""3212516"",""14815869.874441044"""
"611,""vice.com"",""3209215"",""10106731.984107442"""
"612,""vox.com"",""3207877"",""21707970.887358744"""
"613,""nyc.gov"",""3201443"",""42960553.18006547"""
"614,""rd.com"",""3201080"",""24475461.34439933"""
"615,""zmenu.com"",""3190060"",""7533958.551750885"""
"616,""core.ac.uk"",""3181708"",""5676632.859954042"""
"617,""bartleby.com"",""3178877"",""8257988.095631089"""
"618,""howtogeek.com"",""3176898"",""15529592.544791207"""
"619,""berkeley.edu"",""3176552"",""27980829.25862979"""
"620,""pitchbook.com"",""3176354"",""12658126.087926911"""
"621,""rochester.edu"",""3175705"",""30898822.26443436"""
"622,""aptoide.com"",""3167324"",""35372918.50752029"""
"623,""virginia.gov"",""3165515"",""24657100.534861878"""
"624,""allmusic.com"",""3162592"",""15601920.52659586"""
"625,""translated.net"",""3154599"",""40283973.833629265"""
"626,""wisc.edu"",""3152747"",""26802604.95064239"""
"627,""livehindustan.com"",""3149421"",""131626474.32186735"""
"628,""lyricstranslate.com"",""3144345"",""7092145.286909297"""
"629,""tabelog.com"",""3134206"",""419148574.36125433"""
"630,""epa.gov"",""3121996"",""33008850.902405865"""
"631,""orbitz.com"",""3118830"",""9932072.14143044"""
"632,""otto.de"",""3112285"",""22640368.775599837"""
"633,""cinemablend.com"",""3107071"",""13646195.922002172"""
"634,""homes.com"",""3104663"",""12672254.535902098"""
"635,""tuasaude.com"",""3095077"",""108109098.61524066"""
"636,""aaa.com"",""3086661"",""23977746.62289874"""
"637,""forvo.com"",""3083409"",""12054588.875265038"""
"638,""vinmec.com"",""3074360"",""37258894.81051223"""
"639,""wordsmyth.net"",""3074110"",""14747364.641493317"""
"640,""idealo.de"",""3073920"",""25377433.79906246"""
"641,""daum.net"",""3073537"",""18367615.510702375"""
"642,""nikkei.com"",""3068325"",""72382933.3330878"""
"643,""nhsinform.scot"",""3063163"",""41540374.450653106"""
"644,""marketwatch.com"",""3059722"",""189939286.85777378"""
"645,""lazada.co.id"",""3059096"",""80798855.58974352"""
"646,""scielo.br"",""3043273"",""19032680.860577896"""
"647,""thetimes.com"",""3041039"",""11712314.30429022"""
"648,""ukr.net"",""3036722"",""35381106.68158073"""
"649,""tutorialspoint.com"",""3036187"",""30208332.680316396"""
"650,""youm7.com"",""3033824"",""63384044.00070728"""
"651,""yale.edu"",""3021916"",""18737884.4189777"""
"652,""shopify.com"",""3006156"",""44410266.06455762"""
"653,""vocal.media"",""3000646"",""12722376.214604909"""
"654,""seriouseats.com"",""2998188"",""30843433.380080126"""
"655,""tripadvisor.in"",""2997829"",""271023971.42134845"""
"656,""eurogamer.net"",""2997341"",""17422651.454026647"""
"657,""mass.gov"",""2995437"",""22689205.54291328"""
"658,""wondershare.com"",""2994979"",""14783271.167445721"""
"659,""meesho.com"",""2989513"",""51740595.97342281"""
"660,""casetext.com"",""2989069"",""5703380.017369086"""
"661,""vrbo.com"",""2987756"",""10673793.1067016"""
"662,""etymonline.com"",""2985922"",""14186595.55658181"""
"663,""samsclub.com"",""2983357"",""39452783.98242181"""
"664,""yell.com"",""2983248"",""13943535.377022222"""
"665,""ea.com"",""2977442"",""53819111.0237605"""
"666,""walgreens.com"",""2976519"",""61961914.05256518"""
"667,""elconfidencial.com"",""2976242"",""20944539.93512749"""
"668,""the-sun.com"",""2974066"",""17069515.05160094"""
"669,""pinterest.fr"",""2972341"",""44250060.31019622"""
"670,""momjunction.com"",""2968358"",""22162227.32512144"""
"671,""firstcry.com"",""2966604"",""38657671.2826796"""
"672,""gaana.com"",""2956387"",""83778311.3315639"""
"673,""focus.de"",""2955972"",""23015938.20728372"""
"674,""fortune.com"",""2954164"",""18435843.99276565"""
"675,""tripadvisor.de"",""2948861"",""88997322.21577322"""
"676,""idntimes.com"",""2948503"",""55153495.685882375"""
"677,""byrdie.com"",""2947404"",""32985409.081801847"""
"678,""apa.org"",""2946563"",""26098429.262661163"""
"679,""wynk.in"",""2946553"",""82463304.20364305"""
"680,""mnemonicdictionary.com"",""2945236"",""13888067.231758574"""
"681,""aajtak.in"",""2943558"",""162652217.78576398"""
"682,""edmunds.com"",""2943215"",""63902457.83879575"""
"683,""kbb.com"",""2942456"",""51477317.36120272"""
"684,""babycenter.com"",""2937515"",""37111079.67494123"""
"685,""aiscore.com"",""2931787"",""116395117.36134604"""
"686,""cntraveler.com"",""2925394"",""25195343.984558046"""
"687,""chordify.net"",""2922742"",""5279939.940696137"""
"688,""fodors.com"",""2918014"",""8661231.30542349"""
"689,""corriere.it"",""2914252"",""68374869.15093862"""
"690,""roku.com"",""2905956"",""22162784.337549843"""
"691,""abril.com.br"",""2899968"",""37008634.8908139"""
"692,""lww.com"",""2896761"",""8882311.26578169"""
"693,""pixiv.net"",""2896164"",""163997738.36923176"""
"694,""kompass.com"",""2892196"",""5817112.904063584"""
"695,""walmart.ca"",""2887980"",""39923246.428194016"""
"696,""houzz.com"",""2886584"",""10914918.658747036"""
"697,""howtopronounce.com"",""2880690"",""16497102.403644191"""
"698,""foodandwine.com"",""2868823"",""32717903.612672728"""
"699,""nme.com"",""2864997"",""18279440.77256712"""
"700,""kaiserpermanente.org"",""2863137"",""20179750.000518683"""
"701,""nintendo.com"",""2859470"",""76387123.88526875"""
"702,""t-online.de"",""2854275"",""31243364.642685883"""
"703,""travelandleisure.com"",""2851986"",""21255299.79741501"""
"704,""gramedia.com"",""2851740"",""121046002.494861"""
"705,""allegro.pl"",""2851169"",""121714780.1399773"""
"706,""upenn.edu"",""2847683"",""15685157.647969171"""
"707,""gq.com"",""2846600"",""14477910.529936679"""
"708,""smh.com.au"",""2843946"",""11602447.53235624"""
"709,""stern.de"",""2836521"",""17523477.826041304"""
"710,""purdue.edu"",""2836106"",""31066537.922993302"""
"711,""pcgamer.com"",""2833039"",""13560435.777357968"""
"712,""uchicago.edu"",""2829814"",""14860800.02292924"""
"713,""seamless.com"",""2828823"",""16116881.58810666"""
"714,""kakaku.com"",""2821239"",""66072808.09553091"""
"715,""t.me"",""2817708"",""45838379.937625125"""
"716,""oracle.com"",""2816593"",""34392632.781912"""
"717,""fastercapital.com"",""2816025"",""3919470.260385191"""
"718,""vaia.com"",""2814205"",""8338692.4883983955"""
"719,""nerdwallet.com"",""2814029"",""46950901.55346042"""
"720,""shiksha.com"",""2806409"",""139175394.14580098"""
"721,""in.gov"",""2804855"",""23388570.74758254"""
"722,""hp.com"",""2792840"",""38040030.96408214"""
"723,""mlb.com"",""2792748"",""266348364.31620285"""
"724,""songfacts.com"",""2789154"",""12826388.24852554"""
"725,""merckmanuals.com"",""2783938"",""27967930.30041062"""
"726,""data.gouv.fr"",""2777839"",""17108037.23884082"""
"727,""theatlantic.com"",""2777300"",""23118877.818974122"""
"728,""news-medical.net"",""2771841"",""20085850.74710613"""
"729,""goibibo.com"",""2758739"",""81651735.16677946"""
"730,""elcomercio.pe"",""2757189"",""36098837.33759742"""
"731,""actu.fr"",""2744779"",""21853044.79829514"""
"732,""chron.com"",""2744246"",""8249475.203607794"""
"733,""eatingwell.com"",""2743695"",""23323278.401385635"""
"734,""spiegel.de"",""2741358"",""46107472.60715869"""
"735,""patient.info"",""2738715"",""11355708.690676335"""
"736,""familysearch.org"",""2738432"",""18992556.67111531"""
"737,""bfmtv.com"",""2738123"",""33654029.83863455"""
"738,""ebay.it"",""2733958"",""15293611.877327016"""
"739,""cars.com"",""2731279"",""36949117.68769044"""
"740,""prokerala.com"",""2730181"",""66594571.27014745"""
"741,""lonelyplanet.com"",""2728925"",""22031361.738706425"""
"742,""lyst.com"",""2728141"",""11006112.205724515"""
"743,""ctvnews.ca"",""2722103"",""20813844.917176306"""
"744,""bringfido.com"",""2719316"",""8747197.694520626"""
"745,""zendesk.com"",""2715902"",""24410773.699998572"""
"746,""pinkvilla.com"",""2708639"",""20879612.045346573"""
"747,""ieee.org"",""2708119"",""9974876.40428018"""
"748,""my-best.com"",""2707934"",""65900131.20410202"""
"749,""ox.ac.uk"",""2707057"",""15864606.869394803"""
"750,""wikivoyage.org"",""2705612"",""33718997.96059148"""
"751,""roadtrippers.com"",""2704883"",""6172588.256438313"""
"752,""jalan.net"",""2704535"",""146883883.64527458"""
"753,""zdnet.com"",""2703979"",""19041942.45443438"""
"754,""michelin.com"",""2698079"",""45069322.59240787"""
"755,""slate.com"",""2697811"",""14604691.313564347"""
"756,""planetofhotels.com"",""2697654"",""4386376.569742471"""
"757,""pikiran-rakyat.com"",""2693640"",""19834051.903219104"""
"758,""grid.id"",""2692751"",""33677466.090169534"""
"759,""churchofjesuschrist.org"",""2687003"",""34569997.212423414"""
"760,""www.gob.mx"",""2685170"",""95831448.97520338"""
"761,""gymglish.com"",""2684873"",""16871433.42855396"""
"762,""thebump.com"",""2684759"",""53399837.95560556"""
"763,""thewrap.com"",""2684540"",""14294114.493647205"""
"764,""dickssportinggoods.com"",""2682616"",""40738592.02092529"""
"765,""heb.com"",""2681513"",""18374471.826694682"""
"766,""motortrend.com"",""2681376"",""17744397.777937353"""
"767,""ingles.com"",""2673126"",""83335628.74309413"""
"768,""allocine.fr"",""2670166"",""161126386.52650863"""
"769,""cylex-uk.co.uk"",""2668928"",""6718801.84133164"""
"770,""france24.com"",""2666703"",""20788709.951141044"""
"771,""20minutes.fr"",""2663958"",""36444552.259752"""
"772,""bhaskar.com"",""2659954"",""66803980.223920256"""
"773,""urdupoint.com"",""2655071"",""74466245.69202985"""
"774,""365scores.com"",""2652577"",""95718910.04034063"""
"775,""mapion.co.jp"",""2651190"",""34378700.50460339"""
"776,""postmates.com"",""2651092"",""7512677.707179485"""
"777,""udn.com"",""2646942"",""30952362.57133881"""
"778,""carousell.sg"",""2645133"",""3863954.2364354916"""
"779,""angi.com"",""2643213"",""19246922.264581226"""
"780,""trivago.com"",""2641511"",""11892807.986486232"""
"781,""osu.edu"",""2638474"",""17950635.148857415"""
"782,""cuemath.com"",""2637126"",""300734826.5004431"""
"783,""freepik.es"",""2634681"",""74504920.38870712"""
"784,""msu.edu"",""2626088"",""18641449.76218971"""
"785,""arcgis.com"",""2624781"",""24499410.578493662"""
"786,""imgur.com"",""2622142"",""6012233.515170975"""
"787,""resetera.com"",""2621995"",""6656915.07935307"""
"788,""chip.de"",""2621007"",""36004636.73865216"""
"789,""pennmedicine.org"",""2618008"",""41771906.951742835"""
"790,""washington.edu"",""2617118"",""18103452.804920666"""
"791,""delish.com"",""2614565"",""33023142.860959418"""
"792,""acs.org"",""2612352"",""18533578.477451764"""
"793,""free.fr"",""2606560"",""16946823.501262993"""
"794,""worldatlas.com"",""2605947"",""43783626.73928943"""
"795,""worldbank.org"",""2603478"",""32484121.608564064"""
"796,""illinois.edu"",""2598082"",""30403963.48334333"""
"797,""pappers.fr"",""2592622"",""13557264.770217368"""
"798,""smithsonianmag.com"",""2590360"",""16186950.252643777"""
"799,""infinitylearn.com"",""2586575"",""40408147.62571726"""
"800,""shafa.ua"",""2581870"",""6275305.249156898"""
"801,""michigan.gov"",""2580755"",""19098960.55640333"""
"802,""nexusmods.com"",""2576711"",""18085335.318339936"""
"803,""ucdavis.edu"",""2575245"",""17471464.47399406"""
"804,""dribbble.com"",""2574749"",""9488749.83296477"""
"805,""marthastewart.com"",""2567772"",""19930331.681652255"""
"806,""alamy.de"",""2563896"",""5007047.856119871"""
"807,""bukalapak.com"",""2563816"",""26085649.65034825"""
"808,""rent.com"",""2557665"",""8845792.06283081"""
"809,""okdiario.com"",""2554732"",""22850602.165748127"""
"810,""singleplatform.com"",""2554568"",""14308360.716525076"""
"811,""usembassy.gov"",""2553425"",""32996446.16876579"""
"812,""deepl.com"",""2552807"",""542255209.839335"""
"813,""lenovo.com"",""2548451"",""41152054.17629421"""
"814,""diy.com"",""2544828"",""18911810.44796893"""
"815,""argos.co.uk"",""2540432"",""26038461.729119692"""
"816,""grammarly.com"",""2539795"",""112889864.37862857"""
"817,""noon.com"",""2537962"",""17914473.834264934"""
"818,""sirved.com"",""2536134"",""3695095.7485864405"""
"819,""eltiempo.com"",""2531848"",""36527974.85227237"""
"820,""dell.com"",""2529987"",""24717950.73137658"""
"821,""bigl.ua"",""2527356"",""2393087.231735604"""
"822,""soccerway.com"",""2525225"",""60150257.39397933"""
"823,""theorg.com"",""2525062"",""5375003.822000949"""
"824,""tsn.ua"",""2524538"",""35021813.82760716"""
"825,""linguee.fr"",""2524530"",""47682001.42654418"""
"826,""cnnindonesia.com"",""2520506"",""100082535.60356984"""
"827,""simplyhired.com"",""2520454"",""5360522.016371321"""
"828,""whosampled.com"",""2520052"",""6312558.727178395"""
"829,""songtexte.com"",""2516710"",""14387596.618283387"""
"830,""carfax.com"",""2512948"",""55824557.48616961"""
"831,""fiveable.me"",""2512273"",""7949599.712976342"""
"832,""univision.com"",""2511056"",""14534815.137524894"""
"833,""birdeye.com"",""2509366"",""3559501.646244997"""
"834,""journaldesfemmes.fr"",""2509110"",""45984521.62581959"""
"835,""utah.edu"",""2505793"",""14509418.4555288"""
"836,""nj.gov"",""2505383"",""20323443.433791395"""
"837,""irs.gov"",""2504362"",""62557717.108265705"""
"838,""apkpure.net"",""2504294"",""19667516.05497919"""
"839,""tradingview.com"",""2501697"",""125527618.14380646"""
"840,""chicagotribune.com"",""2497957"",""8903277.849986397"""
"841,""untappd.com"",""2496422"",""8598010.743375035"""
"842,""maryland.gov"",""2493944"",""21973945.598605566"""
"843,""verizon.com"",""2493761"",""37682687.33052685"""
"844,""casasbahia.com.br"",""2489923"",""41419463.47267477"""
"845,""wikiquote.org"",""2487327"",""16212379.114413979"""
"846,""ed.gov"",""2485956"",""17886425.22632683"""
"847,""songmeanings.com"",""2479319"",""15232597.621537095"""
"848,""unc.edu"",""2476914"",""18897662.317021646"""
"849,""linternaute.com"",""2476248"",""32917120.26737574"""
"850,""bonappetit.com"",""2475800"",""24227330.60817899"""
"851,""livestrong.com"",""2475191"",""8581748.97257974"""
"852,""weather.gov"",""2474698"",""138296706.99012333"""
"853,""decider.com"",""2473155"",""8604457.891974367"""
"854,""komoot.com"",""2471720"",""12339237.059974125"""
"855,""hotpepper.jp"",""2470348"",""147122890.7433269"""
"856,""cylex.us.com"",""2464616"",""1521933.1025211252"""
"857,""bustle.com"",""2461044"",""5668018.250465563"""
"858,""menards.com"",""2459999"",""19411272.71434398"""
"859,""hilton.com"",""2459830"",""66532976.64616209"""
"860,""globalnews.ca"",""2451733"",""22238081.69644253"""
"861,""tubitv.com"",""2450370"",""21582486.339345418"""
"862,""onelook.com"",""2448168"",""11205571.759547643"""
"863,""illinois.gov"",""2447773"",""21758751.763193287"""
"864,""usgs.gov"",""2447220"",""54203708.47856863"""
"865,""vanityfair.com"",""2446700"",""19346720.428409792"""
"866,""mawdoo3.com"",""2446183"",""49732288.95563534"""
"867,""faz.net"",""2445960"",""23550311.200387955"""
"868,""tripadvisor.it"",""2445867"",""127589746.9481611"""
"869,""eksisozluk.com"",""2444320"",""46098753.69978732"""
"870,""aliexpress.ru"",""2443462"",""2514623.3584704865"""
"871,""steemit.com"",""2441507"",""10244805.547736103"""
"872,""marketscreener.com"",""2439446"",""20900430.675943207"""
"873,""yellowpages.ca"",""2439382"",""14084503.009806128"""
"874,""verywellmind.com"",""2435721"",""69658228.3741796"""
"875,""fandango.com"",""2433427"",""56293982.36881991"""
"876,""army.mil"",""2432839"",""31222984.532107912"""
"877,""findlaw.com"",""2429967"",""14845273.241490196"""
"878,""purewow.com"",""2429456"",""9199652.397600584"""
"879,""hola.com"",""2427714"",""25612307.98341323"""
"880,""streetdirectory.com"",""2423568"",""35555626.2063331"""
"881,""meinestadt.de"",""2422450"",""13677495.225048259"""
"882,""depop.com"",""2419552"",""3208675.2100378014"""
"883,""ycombinator.com"",""2417250"",""9928265.962500656"""
"884,""toasttab.com"",""2413998"",""16290807.797188701"""
"885,""metafilter.com"",""2412594"",""3429999.920556646"""
"886,""marksandspencer.com"",""2410631"",""24162152.204691105"""
"887,""francebleu.fr"",""2410546"",""16980723.280263077"""
"888,""herzindagi.com"",""2409991"",""40497746.79010939"""
"889,""teenvogue.com"",""2409360"",""18960739.459377926"""
"890,""ct.gov"",""2406139"",""14768229.13687313"""
"891,""newegg.com"",""2404786"",""6112104.938714415"""
"892,""next.co.uk"",""2402491"",""24356721.252607495"""
"893,""cmac.ws"",""2399528"",""2713507.024449434"""
"894,""subito.it"",""2398892"",""29368816.58410962"""
"895,""libguides.com"",""2398394"",""20149599.307698563"""
"896,""mail.ru"",""2396882"",""9892496.570419943"""
"897,""ucla.edu"",""2395303"",""18257413.153186537"""
"898,""pa.gov"",""2391236"",""23893004.58820404"""
"899,""indiewire.com"",""2383741"",""13730858.319288934"""
"900,""spiceworks.com"",""2383199"",""7915198.695802525"""
"901,""aafp.org"",""2382945"",""14177450.746871283"""
"902,""unesco.org"",""2382608"",""37178849.4050165"""
"903,""w3schools.com"",""2380063"",""108317531.92747441"""
"904,""reserving.com"",""2379734"",""3387885.4986633547"""
"905,""financialexpress.com"",""2376222"",""45626498.57636684"""
"906,""hse.ie"",""2375839"",""11107036.763872443"""
"907,""hellomagazine.com"",""2374409"",""22574926.976186946"""
"908,""bookmyshow.com"",""2372250"",""154822699.7676502"""
"909,""redalyc.org"",""2372236"",""7928833.110905385"""
"910,""cedars-sinai.org"",""2371516"",""20909720.41212482"""
"911,""thriftbooks.com"",""2370995"",""8646677.606713314"""
"912,""tesco.com"",""2370579"",""40990734.87954016"""
"913,""allure.com"",""2369469"",""44746460.63916135"""
"914,""gotquestions.org"",""2368855"",""28447021.68131197"""
"915,""mo.gov"",""2367957"",""19788536.021732695"""
"916,""1stdibs.com"",""2366962"",""3904105.2935032677"""
"917,""leverageedu.com"",""2366037"",""61258295.81403366"""
"918,""stylecraze.com"",""2365872"",""8035486.284515969"""
"919,""pressreader.com"",""2365122"",""10829195.502495904"""
"920,""elcorteingles.es"",""2359820"",""27508695.37475857"""
"921,""offerup.com"",""2359689"",""2735238.706796145"""
"922,""hepsiburada.com"",""2356917"",""77498815.16320816"""
"923,""apkcombo.com"",""2356281"",""12739381.233483084"""
"924,""www.gov.br"",""2351604"",""112503772.5998696"""
"925,""biglobe.ne.jp"",""2350995"",""25417999.608013716"""
"926,""rutube.ru"",""2349868"",""4132856.4628354646"""
"927,""state.mn.us"",""2349222"",""20164138.17552456"""
"928,""fresha.com"",""2346765"",""23085107.25707429"""
"929,""scielo.org.mx"",""2346413"",""14659062.907167528"""
"930,""nj.com"",""2345390"",""14168700.00902957"""
"931,""arxiv.org"",""2344438"",""9475831.915975275"""
"932,""shopee.com.my"",""2343826"",""18742182.590463564"""
"933,""nhk.or.jp"",""2341247"",""133948555.42174533"""
"934,""primark.com"",""2340910"",""20520002.01162315"""
"935,""online-translator.com"",""2339361"",""14380630.868625458"""
"936,""jimdofree.com"",""2338351"",""14155029.675164202"""
"937,""welt.de"",""2336331"",""15855735.36238255"""
"938,""olx.com.br"",""2334846"",""45788378.216488704"""
"939,""weblio.jp"",""2331418"",""189311766.78316417"""
"940,""food52.com"",""2330068"",""9649614.577424157"""
"941,""flashscore.com"",""2327716"",""81303368.53868313"""
"942,""sahibinden.com"",""2317042"",""72429221.79310246"""
"943,""studysmarter.co.uk"",""2315722"",""13750235.370524153"""
"944,""meteoblue.com"",""2314343"",""31521777.920555584"""
"945,""gouv.qc.ca"",""2313517"",""30638242.368789323"""
"946,""openedition.org"",""2312912"",""6732095.729874151"""
"947,""cargurus.com"",""2312192"",""19890692.2252042"""
"948,""bild.de"",""2309601"",""51900022.47131102"""
"949,""axios.com"",""2306440"",""14491995.216239296"""
"950,""gauthmath.com"",""2304697"",""6469736.754133124"""
"951,""tripadvisor.es"",""2304501"",""108664047.03723824"""
"952,""pantip.com"",""2303135"",""62225811.18736887"""
"953,""socratic.org"",""2300018"",""31314143.97739746"""
"954,""myntra.com"",""2294864"",""141204599.48102877"""
"955,""dot.gov"",""2291004"",""13640181.907104319"""
"956,""cnnbrasil.com.br"",""2290596"",""84787318.81085464"""
"957,""elcinema.com"",""2290275"",""27955033.715357654"""
"958,""ticketmaster.com"",""2289858"",""76153051.55740972"""
"959,""pcgamesn.com"",""2283898"",""22568524.454132736"""
"960,""utexas.edu"",""2281840"",""20503949.60529311"""
"961,""biblestudytools.com"",""2281229"",""40881788.75596878"""
"962,""chosun.com"",""2281101"",""11937001.653674768"""
"963,""stockx.com"",""2278984"",""32592875.31896443"""
"964,""crosswordsolver.com"",""2277320"",""33901123.8652301"""
"965,""asahi.com"",""2276956"",""51886355.9243572"""
"966,""degruyter.com"",""2266963"",""5358368.032673117"""
"967,""androidauthority.com"",""2266658"",""12037403.601472113"""
"968,""hurriyet.com.tr"",""2266538"",""116955817.78372356"""
"969,""physio-pedia.com"",""2264525"",""52901133.236812934"""
"970,""eurosport.com"",""2263813"",""34875343.598771244"""
"971,""usp.br"",""2260970"",""20093975.12139178"""
"972,""brainly.lat"",""2258967"",""14046303.327777836"""
"973,""hrs.com"",""2257728"",""4630778.514688538"""
"974,""asda.com"",""2256579"",""21441103.47293958"""
"975,""dcinside.com"",""2256166"",""39581162.57580066"""
"976,""thesaurus.plus"",""2256165"",""7614544.281201465"""
"977,""ohio.gov"",""2251764"",""18510209.12325607"""
"978,""yandex.com"",""2247588"",""89527211.34475006"""
"979,""estadao.com.br"",""2246690"",""34413785.17535007"""
"980,""jusbrasil.com.br"",""2244161"",""31375253.514890805"""
"981,""bizjournals.com"",""2243906"",""4962962.11417043"""
"982,""biblegateway.com"",""2238161"",""92967104.43918951"""
"983,""musescore.com"",""2237119"",""9283869.012042955"""
"984,""worldpopulationreview.com"",""2236194"",""48439304.03209141"""
"985,""denofgeek.com"",""2233352"",""7705118.23826379"""
"986,""reclameaqui.com.br"",""2232875"",""48660335.65217843"""
"987,""lazada.com.ph"",""2227873"",""16851856.578927115"""
"988,""disneyplus.com"",""2225942"",""94210532.8416065"""
"989,""kemdikbud.go.id"",""2222237"",""73668757.55936685"""
"990,""wikimapia.org"",""2217133"",""5526839.024931705"""
"991,""jdpower.com"",""2215699"",""14959858.033536986"""
"992,""lerobert.com"",""2214831"",""56442350.09970325"""
"993,""news.com.au"",""2213105"",""11026582.633835886"""
"994,""linternaute.fr"",""2212572"",""47992037.19219306"""
"995,""ncsu.edu"",""2211303"",""23387681.34240473"""
"996,""fao.org"",""2210191"",""16938935.74462375"""
"997,""sueddeutsche.de"",""2209516"",""11359965.922245149"""
"998,""allcitycanvas.com"",""2205456"",""4015312.5238121394"""
"999,""nasdaq.com"",""2205230"",""66882467.83599836"""
"1000,""brunch.co.kr"",""2200759"",""11666164.971147984"""
